id,Date,Action
0,3.1.05,0
1,4.1.05,0
2,5.1.05,0
3,6.1.05,0
4,7.1.05,0
5,10.1.05,0
6,11.1.05,0
7,12.1.05,0
8,13.1.05,0
9,14.1.05,0
10,18.1.05,0
11,19.1.05,0
12,20.1.05,0
13,21.1.05,0
14,24.1.05,0
15,25.1.05,0
16,26.1.05,0
17,27.1.05,0
18,28.1.05,0
19,31.1.05,0
20,1.2.05,0
21,2.2.05,0
22,3.2.05,1
23,4.2.05,1
24,7.2.05,1
25,8.2.05,1
26,9.2.05,1
27,10.2.05,1
28,11.2.05,0
29,14.2.05,0
30,15.2.05,0
31,16.2.05,1
32,17.2.05,1
33,18.2.05,0
34,22.2.05,0
35,23.2.05,0
36,24.2.05,0
37,25.2.05,0
38,28.2.05,0
39,1.3.05,0
40,2.3.05,0
41,3.3.05,0
42,4.3.05,0
43,7.3.05,0
44,8.3.05,0
45,9.3.05,0
46,10.3.05,2
47,11.3.05,2
48,14.3.05,0
49,15.3.05,0
50,16.3.05,0
51,17.3.05,0
52,18.3.05,0
53,21.3.05,0
54,22.3.05,0
55,23.3.05,0
56,24.3.05,0
57,28.3.05,0
58,29.3.05,0
59,31.3.05,0
60,1.4.05,0
61,4.4.05,0
62,5.4.05,0
63,6.4.05,0
64,7.4.05,0
65,8.4.05,0
66,11.4.05,0
67,12.4.05,0
68,13.4.05,0
69,14.4.05,0
70,15.4.05,0
71,18.4.05,0
72,19.4.05,0
73,20.4.05,0
74,21.4.05,0
75,22.4.05,0
76,25.4.05,0
77,26.4.05,0
78,27.4.05,0
79,29.4.05,2
80,2.5.05,0
81,3.5.05,0
82,4.5.05,0
83,5.5.05,0
84,6.5.05,0
85,9.5.05,0
86,10.5.05,0
87,11.5.05,0
88,12.5.05,0
89,13.5.05,0
90,16.5.05,0
91,17.5.05,0
92,18.5.05,0
93,19.5.05,0
94,20.5.05,0
95,23.5.05,0
96,24.5.05,0
97,25.5.05,1
98,26.5.05,1
99,27.5.05,1
100,31.5.05,1
101,1.6.05,1
102,2.6.05,1
103,3.6.05,0
104,6.6.05,0
105,7.6.05,0
106,8.6.05,0
107,9.6.05,0
108,10.6.05,0
109,13.6.05,0
110,14.6.05,0
111,15.6.05,0
112,16.6.05,0
113,17.6.05,0
114,20.6.05,0
115,21.6.05,2
116,22.6.05,0
117,23.6.05,2
118,24.6.05,2
119,27.6.05,2
120,28.6.05,0
121,30.6.05,0
122,1.7.05,0
123,5.7.05,0
124,6.7.05,0
125,7.7.05,0
126,8.7.05,0
127,11.7.05,0
128,12.7.05,0
129,13.7.05,0
130,14.7.05,1
131,15.7.05,0
132,18.7.05,0
133,19.7.05,0
134,20.7.05,0
135,21.7.05,1
136,22.7.05,1
137,25.7.05,0
138,26.7.05,1
139,27.7.05,0
140,28.7.05,0
141,29.7.05,0
142,1.8.05,0
143,2.8.05,0
144,3.8.05,0
145,4.8.05,0
146,5.8.05,0
147,8.8.05,0
148,9.8.05,0
149,10.8.05,0
150,11.8.05,0
151,12.8.05,0
152,15.8.05,0
153,16.8.05,0
154,17.8.05,0
155,18.8.05,0
156,19.8.05,0
157,22.8.05,0
158,23.8.05,0
159,24.8.05,1
160,25.8.05,1
161,26.8.05,1
162,29.8.05,1
163,30.8.05,1
164,31.8.05,1
165,1.9.05,1
166,2.9.05,1
167,6.9.05,1
168,7.9.05,1
169,8.9.05,1
170,9.9.05,1
171,12.9.05,0
172,13.9.05,1
173,14.9.05,0
174,15.9.05,0
175,16.9.05,0
176,19.9.05,0
177,20.9.05,0
178,21.9.05,0
179,22.9.05,0
180,23.9.05,0
181,26.9.05,0
182,27.9.05,0
183,28.9.05,0
184,29.9.05,0
185,30.9.05,0
186,3.10.05,0
187,4.10.05,0
188,5.10.05,0
189,6.10.05,0
190,7.10.05,0
191,10.10.05,0
192,11.10.05,0
193,12.10.05,0
194,13.10.05,0
195,14.10.05,0
196,17.10.05,0
197,18.10.05,0
198,19.10.05,0
199,20.10.05,0
200,21.10.05,0
201,24.10.05,0
202,25.10.05,0
203,26.10.05,0
204,27.10.05,0
205,28.10.05,0
206,31.10.05,1
207,1.11.05,1
208,2.11.05,1
209,3.11.05,1
210,4.11.05,1
211,7.11.05,1
212,8.11.05,1
213,9.11.05,1
214,10.11.05,1
215,11.11.05,1
216,14.11.05,1
217,15.11.05,1
218,16.11.05,1
219,17.11.05,1
220,18.11.05,1
221,21.11.05,0
222,22.11.05,0
223,23.11.05,0
224,28.11.05,0
225,29.11.05,0
226,30.11.05,0
227,1.12.05,0
228,2.12.05,0
229,5.12.05,0
230,6.12.05,0
231,7.12.05,0
232,8.12.05,0
233,9.12.05,0
234,12.12.05,0
235,13.12.05,0
236,14.12.05,1
237,15.12.05,1
238,16.12.05,1
239,19.12.05,1
240,20.12.05,1
241,21.12.05,1
242,22.12.05,1
243,23.12.05,1
244,27.12.05,1
245,28.12.05,1
246,29.12.05,1
247,30.12.05,1
248,3.1.06,1
249,4.1.06,1
250,5.1.06,1
251,6.1.06,1
252,9.1.06,0
253,10.1.06,1
254,11.1.06,1
255,12.1.06,0
256,13.1.06,0
257,17.1.06,0
258,18.1.06,0
259,19.1.06,0
260,20.1.06,0
261,23.1.06,0
262,24.1.06,0
263,25.1.06,2
264,26.1.06,0
265,27.1.06,0
266,30.1.06,0
267,31.1.06,0
268,1.2.06,0
269,2.2.06,0
270,3.2.06,0
271,6.2.06,0
272,7.2.06,0
273,8.2.06,0
274,9.2.06,0
275,10.2.06,0
276,13.2.06,0
277,14.2.06,0
278,15.2.06,0
279,16.2.06,0
280,17.2.06,0
281,21.2.06,0
282,22.2.06,0
283,23.2.06,0
284,24.2.06,0
285,27.2.06,0
286,28.2.06,0
287,1.3.06,0
288,2.3.06,0
289,3.3.06,0
290,6.3.06,0
291,7.3.06,0
292,8.3.06,1
293,9.3.06,1
294,10.3.06,1
295,13.3.06,1
296,14.3.06,1
297,15.3.06,1
298,16.3.06,1
299,17.3.06,1
300,20.3.06,1
301,21.3.06,1
302,22.3.06,1
303,23.3.06,1
304,24.3.06,1
305,27.3.06,1
306,28.3.06,1
307,29.3.06,1
308,30.3.06,1
309,31.3.06,1
310,3.4.06,1
311,4.4.06,1
312,5.4.06,1
313,6.4.06,1
314,7.4.06,1
315,10.4.06,1
316,11.4.06,1
317,12.4.06,1
318,13.4.06,1
319,17.4.06,1
320,18.4.06,1
321,19.4.06,1
322,20.4.06,1
323,21.4.06,1
324,24.4.06,1
325,25.4.06,1
326,26.4.06,1
327,27.4.06,1
328,28.4.06,0
329,1.5.06,0
330,2.5.06,0
331,3.5.06,2
332,4.5.06,0
333,5.5.06,2
334,8.5.06,0
335,9.5.06,2
336,10.5.06,2
337,11.5.06,2
338,12.5.06,2
339,15.5.06,2
340,16.5.06,2
341,17.5.06,2
342,18.5.06,2
343,19.5.06,2
344,22.5.06,2
345,23.5.06,2
346,24.5.06,2
347,25.5.06,2
348,26.5.06,2
349,30.5.06,2
350,31.5.06,2
351,1.6.06,2
352,2.6.06,2
353,5.6.06,2
354,6.6.06,2
355,7.6.06,2
356,8.6.06,0
357,9.6.06,0
358,12.6.06,0
359,13.6.06,1
360,14.6.06,1
361,15.6.06,1
362,16.6.06,1
363,19.6.06,1
364,20.6.06,1
365,21.6.06,1
366,22.6.06,1
367,23.6.06,1
368,26.6.06,1
369,27.6.06,1
370,28.6.06,1
371,29.6.06,1
372,30.6.06,0
373,5.7.06,0
374,6.7.06,0
375,7.7.06,0
376,10.7.06,0
377,11.7.06,0
378,12.7.06,0
379,13.7.06,0
380,14.7.06,0
381,17.7.06,0
382,18.7.06,0
383,19.7.06,0
384,20.7.06,0
385,21.7.06,0
386,24.7.06,0
387,25.7.06,0
388,26.7.06,0
389,27.7.06,0
390,28.7.06,0
391,31.7.06,0
392,1.8.06,0
393,2.8.06,2
394,3.8.06,0
395,4.8.06,0
396,7.8.06,2
397,8.8.06,2
398,9.8.06,2
399,10.8.06,0
400,11.8.06,0
401,14.8.06,0
402,15.8.06,0
403,16.8.06,0
404,17.8.06,0
405,18.8.06,0
406,21.8.06,2
407,22.8.06,2
408,23.8.06,2
409,24.8.06,2
410,25.8.06,2
411,28.8.06,2
412,29.8.06,2
413,30.8.06,2
414,31.8.06,2
415,1.9.06,2
416,4.9.06,2
417,5.9.06,2
418,6.9.06,2
419,7.9.06,0
420,8.9.06,0
421,11.9.06,0
422,12.9.06,0
423,13.9.06,2
424,14.9.06,0
425,15.9.06,0
426,18.9.06,0
427,19.9.06,0
428,20.9.06,0
429,21.9.06,0
430,22.9.06,0
431,25.9.06,0
432,26.9.06,0
433,27.9.06,0
434,28.9.06,0
435,29.9.06,0
436,2.10.06,0
437,3.10.06,0
438,4.10.06,1
439,5.10.06,1
440,6.10.06,1
441,9.10.06,1
442,10.10.06,1
443,11.10.06,1
444,12.10.06,1
445,13.10.06,1
446,16.10.06,1
447,17.10.06,1
448,18.10.06,1
449,19.10.06,1
450,20.10.06,1
451,23.10.06,1
452,24.10.06,1
453,25.10.06,1
454,26.10.06,0
455,27.10.06,0
456,30.10.06,0
457,31.10.06,0
458,1.11.06,0
459,2.11.06,0
460,3.11.06,0
461,6.11.06,0
462,7.11.06,0
463,8.11.06,1
464,9.11.06,0
465,10.11.06,0
466,13.11.06,0
467,14.11.06,0
468,15.11.06,0
469,16.11.06,0
470,17.11.06,0
471,20.11.06,0
472,21.11.06,0
473,22.11.06,0
474,24.11.06,0
475,28.11.06,0
476,29.11.06,0
477,30.11.06,2
478,1.12.06,0
479,4.12.06,0
480,5.12.06,0
481,6.12.06,0
482,7.12.06,0
483,8.12.06,0
484,11.12.06,0
485,12.12.06,0
486,13.12.06,0
487,14.12.06,0
488,15.12.06,0
489,18.12.06,0
490,19.12.06,0
491,20.12.06,0
492,21.12.06,0
493,22.12.06,0
494,26.12.06,0
495,27.12.06,0
496,28.12.06,0
497,29.12.06,0
498,2.1.07,0
499,3.1.07,0
500,4.1.07,0
501,5.1.07,1
502,8.1.07,1
503,9.1.07,1
504,10.1.07,1
505,11.1.07,1
506,12.1.07,1
507,16.1.07,1
508,17.1.07,0
509,18.1.07,1
510,19.1.07,1
511,22.1.07,1
512,23.1.07,0
513,24.1.07,0
514,25.1.07,0
515,26.1.07,0
516,29.1.07,0
517,30.1.07,1
518,31.1.07,1
519,1.2.07,0
520,2.2.07,1
521,5.2.07,1
522,6.2.07,0
523,7.2.07,0
524,8.2.07,0
525,9.2.07,2
526,12.2.07,0
527,13.2.07,0
528,14.2.07,0
529,15.2.07,0
530,16.2.07,0
531,20.2.07,0
532,21.2.07,2
533,22.2.07,2
534,23.2.07,2
535,26.2.07,2
536,27.2.07,0
537,28.2.07,0
538,1.3.07,0
539,2.3.07,0
540,5.3.07,1
541,6.3.07,0
542,7.3.07,0
543,8.3.07,0
544,9.3.07,0
545,12.3.07,0
546,13.3.07,0
547,14.3.07,1
548,15.3.07,1
549,16.3.07,0
550,19.3.07,0
551,20.3.07,0
552,21.3.07,0
553,22.3.07,0
554,23.3.07,1
555,26.3.07,0
556,27.3.07,1
557,28.3.07,0
558,29.3.07,1
559,30.3.07,1
560,2.4.07,0
561,3.4.07,0
562,4.4.07,0
563,5.4.07,0
564,9.4.07,0
565,10.4.07,0
566,11.4.07,0
567,12.4.07,0
568,13.4.07,0
569,16.4.07,0
570,17.4.07,0
571,18.4.07,0
572,19.4.07,0
573,20.4.07,0
574,23.4.07,0
575,24.4.07,0
576,25.4.07,0
577,26.4.07,0
578,27.4.07,0
579,30.4.07,0
580,1.5.07,0
581,2.5.07,0
582,3.5.07,2
583,4.5.07,2
584,7.5.07,2
585,8.5.07,2
586,9.5.07,0
587,10.5.07,0
588,11.5.07,0
589,14.5.07,0
590,15.5.07,0
591,16.5.07,0
592,17.5.07,0
593,18.5.07,0
594,21.5.07,0
595,22.5.07,0
596,23.5.07,0
597,24.5.07,0
598,25.5.07,0
599,29.5.07,0
600,30.5.07,0
601,31.5.07,0
602,1.6.07,0
603,4.6.07,0
604,5.6.07,2
605,6.6.07,2
606,7.6.07,0
607,8.6.07,0
608,11.6.07,0
609,12.6.07,0
610,13.6.07,0
611,14.6.07,0
612,15.6.07,0
613,18.6.07,0
614,19.6.07,0
615,20.6.07,0
616,21.6.07,0
617,22.6.07,0
618,25.6.07,0
619,26.6.07,1
620,27.6.07,1
621,28.6.07,1
622,29.6.07,1
623,2.7.07,1
624,3.7.07,0
625,5.7.07,0
626,6.7.07,0
627,9.7.07,0
628,10.7.07,0
629,11.7.07,0
630,12.7.07,0
631,13.7.07,0
632,16.7.07,0
633,17.7.07,0
634,18.7.07,0
635,19.7.07,0
636,20.7.07,0
637,23.7.07,0
638,24.7.07,0
639,25.7.07,0
640,26.7.07,0
641,27.7.07,0
642,30.7.07,0
643,31.7.07,0
644,1.8.07,0
645,2.8.07,0
646,3.8.07,0
647,6.8.07,0
648,7.8.07,0
649,8.8.07,0
650,9.8.07,0
651,10.8.07,0
652,13.8.07,0
653,14.8.07,0
654,15.8.07,0
655,16.8.07,1
656,17.8.07,1
657,20.8.07,1
658,21.8.07,1
659,22.8.07,1
660,23.8.07,1
661,24.8.07,1
662,27.8.07,1
663,28.8.07,1
664,29.8.07,1
665,30.8.07,1
666,31.8.07,1
667,4.9.07,1
668,5.9.07,1
669,6.9.07,1
670,7.9.07,1
671,10.9.07,1
672,11.9.07,0
673,12.9.07,0
674,13.9.07,0
675,14.9.07,1
676,17.9.07,0
677,18.9.07,0
678,19.9.07,0
679,20.9.07,0
680,21.9.07,0
681,24.9.07,0
682,25.9.07,0
683,26.9.07,1
684,27.9.07,1
685,28.9.07,0
686,1.10.07,0
687,2.10.07,1
688,3.10.07,1
689,4.10.07,0
690,5.10.07,1
691,8.10.07,1
692,9.10.07,1
693,10.10.07,1
694,11.10.07,1
695,12.10.07,1
696,15.10.07,1
697,16.10.07,1
698,17.10.07,1
699,18.10.07,1
700,19.10.07,1
701,22.10.07,1
702,23.10.07,1
703,24.10.07,1
704,25.10.07,0
705,26.10.07,0
706,29.10.07,0
707,30.10.07,0
708,31.10.07,0
709,1.11.07,1
710,2.11.07,0
711,5.11.07,0
712,6.11.07,0
713,7.11.07,2
714,8.11.07,2
715,9.11.07,2
716,12.11.07,0
717,13.11.07,0
718,14.11.07,0
719,15.11.07,0
720,16.11.07,0
721,19.11.07,1
722,20.11.07,0
723,21.11.07,0
724,23.11.07,0
725,26.11.07,0
726,27.11.07,0
727,28.11.07,0
728,29.11.07,0
729,30.11.07,0
730,3.12.07,0
731,4.12.07,0
732,5.12.07,0
733,6.12.07,1
734,7.12.07,1
735,10.12.07,1
736,11.12.07,1
737,12.12.07,1
738,13.12.07,1
739,14.12.07,1
740,17.12.07,1
741,18.12.07,1
742,19.12.07,1
743,20.12.07,1
744,21.12.07,1
745,24.12.07,1
746,26.12.07,1
747,27.12.07,1
748,28.12.07,1
749,31.12.07,1
750,2.1.08,1
751,3.1.08,1
752,4.1.08,1
753,7.1.08,1
754,8.1.08,1
755,9.1.08,1
756,10.1.08,0
757,11.1.08,0
758,14.1.08,0
759,15.1.08,0
760,16.1.08,0
761,17.1.08,1
762,18.1.08,1
763,22.1.08,0
764,23.1.08,0
765,24.1.08,0
766,25.1.08,0
767,28.1.08,0
768,29.1.08,0
769,30.1.08,0
770,31.1.08,0
771,1.2.08,0
772,4.2.08,1
773,5.2.08,1
774,6.2.08,1
775,7.2.08,1
776,8.2.08,1
777,11.2.08,1
778,12.2.08,1
779,13.2.08,1
780,14.2.08,1
781,15.2.08,1
782,19.2.08,1
783,20.2.08,1
784,21.2.08,1
785,22.2.08,1
786,25.2.08,1
787,26.2.08,1
788,27.2.08,0
789,28.2.08,2
790,29.2.08,2
791,3.3.08,2
792,4.3.08,0
793,5.3.08,0
794,6.3.08,2
795,7.3.08,2
796,10.3.08,2
797,11.3.08,2
798,12.3.08,2
799,13.3.08,2
800,14.3.08,2
801,17.3.08,2
802,18.3.08,2
803,19.3.08,0
804,20.3.08,0
805,24.3.08,0
806,25.3.08,0
807,26.3.08,0
808,27.3.08,0
809,28.3.08,0
810,31.3.08,0
811,1.4.08,1
812,2.4.08,0
813,3.4.08,0
814,4.4.08,0
815,7.4.08,0
816,8.4.08,2
817,9.4.08,2
818,10.4.08,2
819,11.4.08,2
820,14.4.08,2
821,15.4.08,2
822,16.4.08,2
823,17.4.08,2
824,18.4.08,0
825,21.4.08,0
826,22.4.08,2
827,23.4.08,2
828,24.4.08,0
829,25.4.08,0
830,28.4.08,0
831,29.4.08,1
832,30.4.08,1
833,1.5.08,1
834,2.5.08,1
835,5.5.08,1
836,6.5.08,0
837,7.5.08,0
838,8.5.08,0
839,9.5.08,0
840,12.5.08,0
841,13.5.08,0
842,14.5.08,0
843,15.5.08,0
844,16.5.08,0
845,19.5.08,2
846,20.5.08,2
847,21.5.08,2
848,22.5.08,2
849,23.5.08,2
850,27.5.08,0
851,28.5.08,0
852,29.5.08,0
853,30.5.08,0
854,2.6.08,0
855,3.6.08,0
856,4.6.08,0
857,5.6.08,1
858,6.6.08,0
859,9.6.08,0
860,10.6.08,1
861,11.6.08,1
862,12.6.08,1
863,13.6.08,1
864,16.6.08,1
865,17.6.08,1
866,18.6.08,1
867,19.6.08,1
868,20.6.08,1
869,23.6.08,1
870,24.6.08,1
871,25.6.08,1
872,26.6.08,1
873,27.6.08,0
874,30.6.08,0
875,1.7.08,0
876,2.7.08,0
877,3.7.08,0
878,7.7.08,0
879,8.7.08,0
880,9.7.08,0
881,10.7.08,0
882,11.7.08,2
883,14.7.08,2
884,15.7.08,2
885,16.7.08,2
886,17.7.08,2
887,18.7.08,2
888,21.7.08,2
889,22.7.08,2
890,23.7.08,2
891,24.7.08,2
892,25.7.08,2
893,28.7.08,2
894,29.7.08,2
895,30.7.08,2
896,31.7.08,2
897,1.8.08,2
898,4.8.08,2
899,5.8.08,2
900,6.8.08,2
901,7.8.08,2
902,8.8.08,0
903,11.8.08,0
904,12.8.08,0
905,13.8.08,0
906,14.8.08,0
907,15.8.08,0
908,18.8.08,0
909,19.8.08,2
910,20.8.08,2
911,21.8.08,2
912,22.8.08,2
913,25.8.08,2
914,26.8.08,0
915,27.8.08,1
916,28.8.08,0
917,29.8.08,1
918,2.9.08,1
919,3.9.08,1
920,4.9.08,1
921,5.9.08,1
922,8.9.08,1
923,9.9.08,1
924,10.9.08,1
925,11.9.08,1
926,12.9.08,1
927,15.9.08,1
928,16.9.08,1
929,17.9.08,1
930,18.9.08,0
931,19.9.08,0
932,22.9.08,2
933,23.9.08,2
934,24.9.08,2
935,25.9.08,2
936,26.9.08,2
937,29.9.08,2
938,30.9.08,2
939,1.10.08,2
940,2.10.08,2
941,3.10.08,2
942,6.10.08,2
943,7.10.08,2
944,8.10.08,2
945,9.10.08,2
946,10.10.08,2
947,13.10.08,2
948,14.10.08,2
949,15.10.08,2
950,16.10.08,2
951,17.10.08,2
952,20.10.08,2
953,21.10.08,2
954,22.10.08,0
955,23.10.08,0
956,24.10.08,0
957,27.10.08,0
958,28.10.08,0
959,29.10.08,0
960,30.10.08,0
961,31.10.08,1
962,3.11.08,1
963,4.11.08,1
964,5.11.08,1
965,6.11.08,1
966,7.11.08,1
967,10.11.08,1
968,11.11.08,1
969,12.11.08,1
970,13.11.08,1
971,14.11.08,0
972,17.11.08,1
973,18.11.08,1
974,19.11.08,1
975,20.11.08,1
976,21.11.08,1
977,24.11.08,0
978,25.11.08,1
979,26.11.08,1
980,28.11.08,0
981,1.12.08,1
982,2.12.08,1
983,3.12.08,1
984,4.12.08,1
985,5.12.08,1
986,8.12.08,1
987,9.12.08,1
988,10.12.08,1
989,11.12.08,0
990,12.12.08,1
991,15.12.08,0
992,16.12.08,0
993,17.12.08,0
994,18.12.08,2
995,19.12.08,0
996,22.12.08,2
997,23.12.08,0
998,24.12.08,0
999,26.12.08,0
1000,29.12.08,0
1001,30.12.08,0
1002,31.12.08,0
1003,2.1.09,0
1004,5.1.09,1
1005,6.1.09,0
1006,7.1.09,1
1007,8.1.09,1
1008,9.1.09,1
1009,12.1.09,1
1010,13.1.09,1
1011,14.1.09,1
1012,15.1.09,1
1013,16.1.09,1
1014,20.1.09,1
1015,21.1.09,1
1016,22.1.09,1
1017,23.1.09,1
1018,26.1.09,1
1019,27.1.09,1
1020,28.1.09,1
1021,29.1.09,1
1022,30.1.09,1
1023,2.2.09,1
1024,3.2.09,1
1025,4.2.09,1
1026,5.2.09,0
1027,6.2.09,0
1028,9.2.09,0
1029,10.2.09,0
1030,11.2.09,0
1031,12.2.09,0
1032,13.2.09,0
1033,17.2.09,2
1034,18.2.09,2
1035,19.2.09,2
1036,20.2.09,2
1037,23.2.09,2
1038,24.2.09,2
1039,25.2.09,2
1040,26.2.09,0
1041,27.2.09,0
1042,2.3.09,0
1043,3.3.09,0
1044,4.3.09,0
1045,5.3.09,0
1046,6.3.09,0
1047,9.3.09,0
1048,10.3.09,0
1049,11.3.09,0
1050,12.3.09,0
1051,13.3.09,0
1052,16.3.09,2
1053,17.3.09,0
1054,18.3.09,0
1055,19.3.09,2
1056,20.3.09,2
1057,23.3.09,2
1058,24.3.09,0
1059,25.3.09,2
1060,26.3.09,2
1061,27.3.09,0
1062,30.3.09,0
1063,31.3.09,0
1064,1.4.09,0
1065,2.4.09,0
1066,3.4.09,0
1067,6.4.09,0
1068,7.4.09,0
1069,8.4.09,0
1070,9.4.09,0
1071,13.4.09,0
1072,14.4.09,0
1073,15.4.09,0
1074,16.4.09,1
1075,17.4.09,1
1076,20.4.09,0
1077,21.4.09,1
1078,22.4.09,0
1079,23.4.09,0
1080,24.4.09,0
1081,27.4.09,0
1082,28.4.09,0
1083,29.4.09,1
1084,30.4.09,1
1085,1.5.09,1
1086,4.5.09,1
1087,5.5.09,1
1088,6.5.09,1
1089,7.5.09,1
1090,8.5.09,1
1091,11.5.09,1
1092,12.5.09,1
1093,13.5.09,1
1094,14.5.09,0
1095,15.5.09,0
1096,18.5.09,0
1097,19.5.09,0
1098,20.5.09,0
1099,21.5.09,0
1100,22.5.09,0
1101,26.5.09,0
1102,27.5.09,0
1103,28.5.09,0
1104,29.5.09,2
1105,1.6.09,2
1106,2.6.09,2
1107,3.6.09,0
1108,4.6.09,2
1109,5.6.09,0
1110,8.6.09,0
1111,9.6.09,0
1112,10.6.09,0
1113,11.6.09,0
1114,12.6.09,0
1115,15.6.09,0
1116,16.6.09,0
1117,17.6.09,0
1118,18.6.09,0
1119,19.6.09,0
1120,22.6.09,0
1121,23.6.09,0
1122,24.6.09,0
1123,25.6.09,0
1124,26.6.09,0
1125,29.6.09,0
1126,30.6.09,0
1127,1.7.09,0
1128,2.7.09,0
1129,6.7.09,0
1130,7.7.09,0
1131,8.7.09,0
1132,9.7.09,0
1133,10.7.09,1
1134,13.7.09,0
1135,14.7.09,1
1136,15.7.09,0
1137,16.7.09,0
1138,17.7.09,0
1139,20.7.09,0
1140,21.7.09,0
1141,22.7.09,0
1142,23.7.09,0
1143,24.7.09,0
1144,27.7.09,0
1145,28.7.09,0
1146,29.7.09,0
1147,30.7.09,0
1148,31.7.09,0
1149,3.8.09,0
1150,4.8.09,0
1151,5.8.09,0
1152,6.8.09,0
1153,7.8.09,0
1154,10.8.09,0
1155,11.8.09,0
1156,12.8.09,0
1157,13.8.09,1
1158,14.8.09,1
1159,17.8.09,1
1160,18.8.09,1
1161,19.8.09,1
1162,20.8.09,1
1163,21.8.09,1
1164,24.8.09,1
1165,25.8.09,1
1166,26.8.09,1
1167,27.8.09,1
1168,28.8.09,1
1169,31.8.09,1
1170,1.9.09,1
1171,2.9.09,0
1172,3.9.09,0
1173,4.9.09,0
1174,8.9.09,0
1175,9.9.09,0
1176,10.9.09,0
1177,11.9.09,0
1178,14.9.09,0
1179,15.9.09,0
1180,16.9.09,0
1181,17.9.09,1
1182,18.9.09,0
1183,21.9.09,1
1184,22.9.09,1
1185,23.9.09,1
1186,24.9.09,1
1187,25.9.09,1
1188,28.9.09,1
1189,29.9.09,1
1190,30.9.09,1
1191,1.10.09,1
1192,2.10.09,1
1193,5.10.09,0
1194,6.10.09,0
1195,7.10.09,0
1196,8.10.09,0
1197,9.10.09,0
1198,12.10.09,0
1199,13.10.09,0
1200,14.10.09,0
1201,15.10.09,0
1202,16.10.09,1
1203,19.10.09,1
1204,20.10.09,1
1205,21.10.09,1
1206,22.10.09,1
1207,23.10.09,1
1208,26.10.09,1
1209,27.10.09,1
1210,28.10.09,1
1211,29.10.09,1
1212,30.10.09,1
1213,2.11.09,1
1214,3.11.09,1
1215,4.11.09,1
1216,5.11.09,1
1217,6.11.09,1
1218,9.11.09,1
1219,10.11.09,1
1220,11.11.09,1
1221,12.11.09,1
1222,13.11.09,1
1223,16.11.09,0
1224,17.11.09,0
1225,18.11.09,0
1226,19.11.09,0
1227,20.11.09,0
1228,23.11.09,0
1229,24.11.09,0
1230,25.11.09,2
1231,27.11.09,2
1232,30.11.09,2
1233,1.12.09,2
1234,2.12.09,2
1235,3.12.09,2
1236,4.12.09,2
1237,7.12.09,2
1238,8.12.09,2
1239,9.12.09,0
1240,10.12.09,0
1241,11.12.09,0
1242,14.12.09,0
1243,15.12.09,0
1244,16.12.09,0
1245,17.12.09,0
1246,18.12.09,0
1247,21.12.09,0
1248,22.12.09,1
1249,23.12.09,0
1250,24.12.09,0
1251,28.12.09,0
1252,29.12.09,0
1253,30.12.09,0
1254,31.12.09,0
1255,4.1.10,0
1256,5.1.10,0
1257,6.1.10,2
1258,7.1.10,2
1259,8.1.10,0
1260,11.1.10,0
1261,12.1.10,0
1262,13.1.10,2
1263,14.1.10,2
1264,15.1.10,2
1265,19.1.10,2
1266,20.1.10,0
1267,21.1.10,0
1268,22.1.10,0
1269,25.1.10,0
1270,26.1.10,0
1271,27.1.10,0
1272,28.1.10,0
1273,29.1.10,0
1274,1.2.10,0
1275,2.2.10,0
1276,3.2.10,0
1277,4.2.10,1
1278,5.2.10,1
1279,8.2.10,1
1280,9.2.10,1
1281,10.2.10,1
1282,11.2.10,0
1283,12.2.10,0
1284,16.2.10,0
1285,17.2.10,0
1286,18.2.10,0
1287,19.2.10,0
1288,22.2.10,0
1289,23.2.10,0
1290,24.2.10,0
1291,25.2.10,0
1292,26.2.10,0
1293,1.3.10,0
1294,2.3.10,0
1295,3.3.10,2
1296,4.3.10,0
1297,5.3.10,0
1298,8.3.10,0
1299,9.3.10,0
1300,10.3.10,0
1301,11.3.10,0
1302,12.3.10,0
1303,15.3.10,0
1304,16.3.10,0
1305,17.3.10,0
1306,18.3.10,0
1307,19.3.10,1
1308,22.3.10,1
1309,23.3.10,1
1310,24.3.10,1
1311,25.3.10,0
1312,26.3.10,0
1313,29.3.10,0
1314,30.3.10,0
1315,31.3.10,0
1316,1.4.10,0
1317,5.4.10,0
1318,6.4.10,0
1319,7.4.10,0
1320,8.4.10,0
1321,9.4.10,0
1322,12.4.10,0
1323,13.4.10,0
1324,14.4.10,0
1325,15.4.10,0
1326,16.4.10,1
1327,19.4.10,1
1328,20.4.10,1
1329,21.4.10,1
1330,22.4.10,1
1331,23.4.10,1
1332,26.4.10,1
1333,27.4.10,1
1334,28.4.10,0
1335,29.4.10,0
1336,30.4.10,0
1337,3.5.10,0
1338,4.5.10,0
1339,5.5.10,0
1340,6.5.10,0
1341,7.5.10,0
1342,10.5.10,0
1343,11.5.10,0
1344,12.5.10,0
1345,13.5.10,0
1346,14.5.10,0
1347,17.5.10,0
1348,18.5.10,0
1349,19.5.10,0
1350,20.5.10,0
1351,21.5.10,1
1352,24.5.10,0
1353,25.5.10,0
1354,26.5.10,0
1355,27.5.10,0
1356,28.5.10,0
1357,1.6.10,0
1358,2.6.10,0
1359,3.6.10,0
1360,4.6.10,0
1361,7.6.10,0
1362,8.6.10,0
1363,9.6.10,0
1364,10.6.10,0
1365,11.6.10,0
1366,14.6.10,0
1367,15.6.10,0
1368,16.6.10,0
1369,17.6.10,0
1370,18.6.10,2
1371,21.6.10,0
1372,22.6.10,0
1373,23.6.10,0
1374,24.6.10,2
1375,25.6.10,2
1376,28.6.10,0
1377,29.6.10,2
1378,30.6.10,2
1379,1.7.10,0
1380,2.7.10,0
1381,6.7.10,0
1382,7.7.10,0
1383,8.7.10,0
1384,9.7.10,0
1385,12.7.10,0
1386,13.7.10,0
1387,14.7.10,0
1388,15.7.10,0
1389,16.7.10,0
1390,19.7.10,0
1391,20.7.10,0
1392,21.7.10,0
1393,22.7.10,0
1394,23.7.10,0
1395,26.7.10,0
1396,27.7.10,1
1397,28.7.10,1
1398,29.7.10,1
1399,30.7.10,0
1400,2.8.10,0
1401,3.8.10,0
1402,4.8.10,0
1403,5.8.10,0
1404,6.8.10,0
1405,9.8.10,0
1406,10.8.10,1
1407,11.8.10,1
1408,12.8.10,0
1409,13.8.10,0
1410,16.8.10,0
1411,17.8.10,0
1412,18.8.10,0
1413,19.8.10,0
1414,20.8.10,0
1415,23.8.10,0
1416,24.8.10,0
1417,25.8.10,0
1418,26.8.10,0
1419,27.8.10,0
1420,30.8.10,0
1421,31.8.10,0
1422,1.9.10,0
1423,2.9.10,0
1424,3.9.10,0
1425,7.9.10,0
1426,8.9.10,1
1427,9.9.10,1
1428,10.9.10,1
1429,13.9.10,1
1430,14.9.10,1
1431,15.9.10,1
1432,16.9.10,1
1433,17.9.10,1
1434,20.9.10,1
1435,21.9.10,1
1436,22.9.10,1
1437,23.9.10,1
1438,24.9.10,1
1439,27.9.10,1
1440,28.9.10,0
1441,29.9.10,0
1442,30.9.10,0
1443,1.10.10,0
1444,4.10.10,0
1445,5.10.10,0
1446,6.10.10,0
1447,7.10.10,0
1448,8.10.10,0
1449,11.10.10,0
1450,12.10.10,0
1451,13.10.10,0
1452,14.10.10,0
1453,15.10.10,0
1454,18.10.10,0
1455,19.10.10,1
1456,20.10.10,1
1457,21.10.10,1
1458,22.10.10,0
1459,25.10.10,0
1460,26.10.10,0
1461,27.10.10,0
1462,28.10.10,0
1463,29.10.10,0
1464,1.11.10,0
1465,2.11.10,0
1466,3.11.10,0
1467,4.11.10,0
1468,5.11.10,0
1469,8.11.10,0
1470,9.11.10,0
1471,10.11.10,0
1472,11.11.10,0
1473,12.11.10,0
1474,15.11.10,0
1475,16.11.10,0
1476,17.11.10,1
1477,18.11.10,0
1478,19.11.10,0
1479,22.11.10,0
1480,23.11.10,0
1481,24.11.10,0
1482,26.11.10,0
1483,29.11.10,0
1484,30.11.10,0
1485,1.12.10,0
1486,2.12.10,0
1487,3.12.10,0
1488,6.12.10,0
1489,7.12.10,0
1490,8.12.10,0
1491,9.12.10,0
1492,10.12.10,0
1493,13.12.10,0
1494,14.12.10,0
1495,15.12.10,0
1496,16.12.10,0
1497,17.12.10,0
1498,20.12.10,0
1499,21.12.10,0
1500,22.12.10,0
1501,23.12.10,0
1502,27.12.10,0
1503,28.12.10,0
1504,29.12.10,2
1505,30.12.10,2
1506,31.12.10,2
1507,3.1.11,2
1508,4.1.11,0
1509,5.1.11,2
1510,6.1.11,0
1511,7.1.11,0
1512,10.1.11,0
1513,11.1.11,0
1514,12.1.11,0
1515,13.1.11,0
1516,14.1.11,0
1517,18.1.11,0
1518,19.1.11,0
1519,20.1.11,0
1520,21.1.11,0
1521,24.1.11,0
1522,25.1.11,0
1523,26.1.11,0
1524,27.1.11,1
1525,28.1.11,0
1526,31.1.11,1
1527,1.2.11,1
1528,2.2.11,1
1529,3.2.11,1
1530,4.2.11,1
1531,7.2.11,1
1532,8.2.11,1
1533,9.2.11,0
1534,10.2.11,1
1535,11.2.11,1
1536,14.2.11,1
1537,15.2.11,1
1538,16.2.11,0
1539,17.2.11,0
1540,18.2.11,0
1541,22.2.11,0
1542,23.2.11,0
1543,24.2.11,0
1544,25.2.11,0
1545,28.2.11,0
1546,1.3.11,0
1547,2.3.11,0
1548,3.3.11,0
1549,4.3.11,0
1550,7.3.11,0
1551,8.3.11,0
1552,9.3.11,0
1553,10.3.11,0
1554,11.3.11,0
1555,14.3.11,0
1556,15.3.11,1
1557,16.3.11,1
1558,17.3.11,0
1559,18.3.11,1
1560,21.3.11,0
1561,22.3.11,0
1562,23.3.11,0
1563,24.3.11,0
1564,25.3.11,1
1565,28.3.11,1
1566,29.3.11,1
1567,30.3.11,1
1568,31.3.11,1
1569,1.4.11,1
1570,4.4.11,1
1571,5.4.11,1
1572,6.4.11,1
1573,7.4.11,1
1574,8.4.11,1
1575,11.4.11,1
1576,12.4.11,1
1577,13.4.11,0
1578,14.4.11,0
1579,15.4.11,0
1580,18.4.11,0
1581,19.4.11,0
1582,20.4.11,0
1583,21.4.11,0
1584,25.4.11,0
1585,26.4.11,0
1586,27.4.11,0
1587,28.4.11,0
1588,29.4.11,0
1589,2.5.11,0
1590,3.5.11,0
1591,4.5.11,0
1592,5.5.11,0
1593,6.5.11,0
1594,9.5.11,0
1595,10.5.11,0
1596,11.5.11,0
1597,12.5.11,0
1598,13.5.11,0
1599,16.5.11,0
1600,17.5.11,0
1601,18.5.11,0
1602,19.5.11,0
1603,20.5.11,0
1604,23.5.11,0
1605,24.5.11,0
1606,25.5.11,0
1607,26.5.11,0
1608,27.5.11,0
1609,31.5.11,0
1610,1.6.11,0
1611,2.6.11,0
1612,3.6.11,0
1613,6.6.11,0
1614,7.6.11,0
1615,8.6.11,0
1616,9.6.11,0
1617,10.6.11,0
1618,13.6.11,0
1619,14.6.11,0
1620,15.6.11,0
1621,16.6.11,0
1622,17.6.11,0
1623,20.6.11,0
1624,21.6.11,0
1625,22.6.11,0
1626,23.6.11,1
1627,24.6.11,1
1628,27.6.11,1
1629,28.6.11,1
1630,29.6.11,1
1631,30.6.11,1
1632,1.7.11,1
1633,5.7.11,1
1634,6.7.11,1
1635,7.7.11,1
1636,8.7.11,1
1637,11.7.11,1
1638,12.7.11,1
1639,13.7.11,1
1640,14.7.11,1
1641,15.7.11,0
1642,18.7.11,1
1643,19.7.11,1
1644,20.7.11,1
1645,21.7.11,1
1646,22.7.11,1
1647,25.7.11,1
1648,26.7.11,1
1649,27.7.11,1
1650,28.7.11,1
1651,29.7.11,1
1652,1.8.11,1
1653,2.8.11,1
1654,3.8.11,1
1655,4.8.11,1
1656,5.8.11,1
1657,8.8.11,1
1658,9.8.11,1
1659,10.8.11,0
1660,11.8.11,1
1661,12.8.11,1
1662,15.8.11,1
1663,16.8.11,0
1664,17.8.11,0
1665,18.8.11,0
1666,19.8.11,0
1667,22.8.11,0
1668,23.8.11,0
1669,24.8.11,0
1670,25.8.11,0
1671,26.8.11,0
1672,29.8.11,0
1673,30.8.11,0
1674,31.8.11,2
1675,1.9.11,2
1676,2.9.11,2
1677,6.9.11,2
1678,7.9.11,2
1679,8.9.11,2
1680,9.9.11,2
1681,12.9.11,2
1682,13.9.11,2
1683,14.9.11,2
1684,15.9.11,2
1685,16.9.11,2
1686,19.9.11,2
1687,20.9.11,2
1688,21.9.11,2
1689,22.9.11,2
1690,23.9.11,0
1691,26.9.11,1
1692,27.9.11,0
1693,28.9.11,0
1694,29.9.11,0
1695,30.9.11,0
1696,3.10.11,0
1697,4.10.11,1
1698,5.10.11,1
1699,6.10.11,1
1700,7.10.11,1
1701,10.10.11,0
1702,11.10.11,0
1703,12.10.11,0
1704,13.10.11,1
1705,14.10.11,1
1706,17.10.11,1
1707,18.10.11,1
1708,19.10.11,1
1709,20.10.11,1
1710,21.10.11,1
1711,24.10.11,1
1712,25.10.11,1
1713,26.10.11,0
1714,27.10.11,0
1715,28.10.11,0
1716,31.10.11,0
1717,1.11.11,0
1718,2.11.11,0
1719,3.11.11,2
1720,4.11.11,0
1721,7.11.11,2
1722,8.11.11,0
1723,9.11.11,0
1724,10.11.11,0
1725,11.11.11,0
1726,14.11.11,0
1727,15.11.11,0
1728,16.11.11,0
1729,17.11.11,0
1730,18.11.11,0
1731,21.11.11,0
1732,22.11.11,2
1733,23.11.11,2
1734,25.11.11,2
1735,28.11.11,2
1736,29.11.11,2
1737,30.11.11,2
1738,1.12.11,2
1739,2.12.11,2
1740,5.12.11,2
1741,6.12.11,2
1742,7.12.11,2
1743,8.12.11,2
1744,9.12.11,2
1745,12.12.11,0
1746,13.12.11,0
1747,14.12.11,0
1748,15.12.11,0
1749,16.12.11,0
1750,19.12.11,0
1751,20.12.11,0
1752,21.12.11,0
1753,22.12.11,0
1754,23.12.11,0
1755,27.12.11,0
1756,28.12.11,1
1757,29.12.11,1
1758,30.12.11,1
1759,3.1.12,1
1760,4.1.12,1
1761,5.1.12,1
1762,6.1.12,1
1763,9.1.12,1
1764,10.1.12,1
1765,11.1.12,1
1766,12.1.12,1
1767,13.1.12,1
1768,17.1.12,1
1769,18.1.12,1
1770,19.1.12,1
1771,20.1.12,0
1772,23.1.12,0
1773,24.1.12,0
1774,25.1.12,0
1775,26.1.12,0
1776,27.1.12,0
1777,30.1.12,0
1778,31.1.12,0
1779,1.2.12,0
1780,2.2.12,0
1781,3.2.12,0
1782,6.2.12,0
1783,7.2.12,0
1784,8.2.12,0
1785,9.2.12,0
1786,10.2.12,0
1787,13.2.12,0
1788,14.2.12,0
1789,15.2.12,0
1790,16.2.12,0
1791,17.2.12,0
1792,21.2.12,0
1793,22.2.12,2
1794,23.2.12,2
1795,24.2.12,2
1796,27.2.12,2
1797,28.2.12,2
1798,29.2.12,0
1799,1.3.12,2
1800,2.3.12,0
1801,5.3.12,0
1802,6.3.12,0
1803,7.3.12,0
1804,8.3.12,0
1805,9.3.12,0
1806,12.3.12,0
1807,13.3.12,0
1808,14.3.12,0
1809,15.3.12,0
1810,16.3.12,0
1811,19.3.12,0
1812,20.3.12,0
1813,21.3.12,0
1814,22.3.12,0
1815,23.3.12,0
1816,26.3.12,0
1817,27.3.12,0
1818,28.3.12,0
1819,29.3.12,0
1820,30.3.12,0
1821,2.4.12,0
1822,3.4.12,0
1823,4.4.12,0
1824,5.4.12,0
1825,9.4.12,0
1826,10.4.12,0
1827,11.4.12,0
1828,12.4.12,0
1829,13.4.12,0
1830,16.4.12,0
1831,17.4.12,0
1832,18.4.12,0
1833,19.4.12,0
1834,20.4.12,0
1835,23.4.12,2
1836,24.4.12,2
1837,25.4.12,2
1838,26.4.12,2
1839,27.4.12,2
1840,30.4.12,2
1841,1.5.12,2
1842,2.5.12,2
1843,3.5.12,2
1844,4.5.12,2
1845,7.5.12,2
1846,8.5.12,0
1847,9.5.12,0
1848,10.5.12,0
1849,11.5.12,0
1850,14.5.12,0
1851,15.5.12,1
1852,16.5.12,0
1853,17.5.12,0
1854,18.5.12,0
1855,21.5.12,0
1856,22.5.12,0
1857,23.5.12,1
1858,24.5.12,1
1859,25.5.12,0
1860,29.5.12,1
1861,30.5.12,0
1862,31.5.12,0
1863,1.6.12,0
1864,4.6.12,0
1865,5.6.12,0
1866,6.6.12,0
1867,7.6.12,0
1868,8.6.12,0
1869,11.6.12,0
1870,12.6.12,0
1871,13.6.12,0
1872,14.6.12,0
1873,15.6.12,0
1874,18.6.12,0
1875,19.6.12,0
1876,20.6.12,0
1877,21.6.12,0
1878,22.6.12,0
1879,25.6.12,0
1880,26.6.12,0
1881,27.6.12,0
1882,28.6.12,0
1883,29.6.12,0
1884,2.7.12,0
1885,3.7.12,0
1886,5.7.12,0
1887,6.7.12,0
1888,9.7.12,0
1889,10.7.12,0
1890,11.7.12,0
1891,12.7.12,0
1892,13.7.12,0
1893,16.7.12,0
1894,17.7.12,0
1895,18.7.12,0
1896,19.7.12,0
1897,20.7.12,0
1898,23.7.12,0
1899,24.7.12,0
1900,25.7.12,0
1901,26.7.12,0
1902,27.7.12,0
1903,30.7.12,0
1904,31.7.12,0
1905,1.8.12,0
1906,2.8.12,1
1907,3.8.12,0
1908,6.8.12,0
1909,7.8.12,0
1910,8.8.12,0
1911,9.8.12,0
1912,10.8.12,1
1913,13.8.12,1
1914,14.8.12,1
1915,15.8.12,1
1916,16.8.12,1
1917,17.8.12,1
1918,20.8.12,1
1919,21.8.12,1
1920,22.8.12,1
1921,23.8.12,1
1922,24.8.12,1
1923,27.8.12,1
1924,28.8.12,1
1925,29.8.12,1
1926,30.8.12,1
1927,31.8.12,1
1928,4.9.12,1
1929,5.9.12,0
1930,6.9.12,1
1931,7.9.12,0
1932,10.9.12,0
1933,11.9.12,0
1934,12.9.12,0
1935,13.9.12,0
1936,14.9.12,0
1937,17.9.12,0
1938,18.9.12,0
1939,19.9.12,0
1940,20.9.12,0
1941,21.9.12,0
1942,24.9.12,0
1943,25.9.12,0
1944,26.9.12,0
1945,27.9.12,0
1946,28.9.12,0
1947,1.10.12,0
1948,2.10.12,0
1949,3.10.12,2
1950,4.10.12,2
1951,5.10.12,0
1952,8.10.12,0
1953,9.10.12,0
1954,10.10.12,2
1955,11.10.12,2
1956,12.10.12,0
1957,15.10.12,0
1958,16.10.12,0
1959,17.10.12,0
1960,18.10.12,0
1961,19.10.12,0
1962,22.10.12,0
1963,23.10.12,0
1964,24.10.12,0
1965,25.10.12,0
1966,26.10.12,0
1967,31.10.12,0
1968,1.11.12,0
1969,2.11.12,1
1970,5.11.12,0
1971,6.11.12,0
1972,7.11.12,0
1973,8.11.12,0
1974,9.11.12,0
1975,12.11.12,0
1976,13.11.12,0
1977,14.11.12,0
1978,15.11.12,0
1979,16.11.12,0
1980,19.11.12,0
1981,20.11.12,0
1982,21.11.12,0
1983,23.11.12,0
1984,26.11.12,0
1985,27.11.12,2
1986,28.11.12,0
1987,29.11.12,2
1988,30.11.12,0
1989,3.12.12,0
1990,4.12.12,0
1991,5.12.12,0
1992,6.12.12,0
1993,7.12.12,0
1994,10.12.12,0
1995,11.12.12,0
1996,12.12.12,0
1997,13.12.12,0
1998,14.12.12,0
1999,17.12.12,0
2000,18.12.12,0
2001,19.12.12,0
2002,20.12.12,0
2003,21.12.12,0
2004,24.12.12,0
2005,26.12.12,0
2006,27.12.12,0
2007,28.12.12,0
2008,31.12.12,0
2009,2.1.13,0
2010,3.1.13,0
2011,4.1.13,0
2012,7.1.13,0
2013,8.1.13,0
2014,9.1.13,0
2015,10.1.13,0
2016,11.1.13,0
2017,14.1.13,0
2018,15.1.13,0
2019,16.1.13,0
2020,17.1.13,0
2021,18.1.13,0
2022,22.1.13,0
2023,23.1.13,0
2024,24.1.13,0
2025,25.1.13,0
2026,28.1.13,0
2027,29.1.13,2
2028,30.1.13,2
2029,31.1.13,2
2030,1.2.13,2
2031,4.2.13,0
2032,5.2.13,2
2033,6.2.13,2
2034,7.2.13,2
2035,8.2.13,2
2036,11.2.13,2
2037,12.2.13,2
2038,13.2.13,2
2039,14.2.13,0
2040,15.2.13,0
2041,19.2.13,0
2042,20.2.13,0
2043,21.2.13,0
2044,22.2.13,0
2045,25.2.13,0
2046,26.2.13,0
2047,27.2.13,0
2048,28.2.13,0
2049,1.3.13,0
2050,4.3.13,0
2051,5.3.13,0
2052,6.3.13,0
2053,7.3.13,0
2054,8.3.13,0
2055,11.3.13,0
2056,12.3.13,0
2057,13.3.13,0
2058,14.3.13,0
2059,15.3.13,0
2060,18.3.13,0
2061,19.3.13,0
2062,20.3.13,0
2063,21.3.13,2
2064,22.3.13,2
2065,25.3.13,2
2066,26.3.13,2
2067,27.3.13,2
2068,28.3.13,2
2069,1.4.13,2
2070,2.4.13,2
2071,3.4.13,2
2072,4.4.13,2
2073,5.4.13,2
2074,8.4.13,2
2075,9.4.13,2
2076,10.4.13,2
2077,11.4.13,2
2078,12.4.13,0
2079,15.4.13,1
2080,16.4.13,1
2081,17.4.13,1
2082,18.4.13,1
2083,19.4.13,0
2084,22.4.13,0
2085,23.4.13,0
2086,24.4.13,0
2087,25.4.13,2
2088,26.4.13,2
2089,29.4.13,2
2090,30.4.13,2
2091,1.5.13,2
2092,2.5.13,2
2093,3.5.13,2
2094,6.5.13,2
2095,7.5.13,0
2096,8.5.13,2
2097,9.5.13,2
2098,10.5.13,0
2099,13.5.13,0
2100,14.5.13,0
2101,15.5.13,0
2102,16.5.13,0
2103,17.5.13,0
2104,20.5.13,0
2105,21.5.13,0
2106,22.5.13,0
2107,23.5.13,0
2108,24.5.13,0
2109,28.5.13,0
2110,29.5.13,0
2111,30.5.13,2
2112,31.5.13,2
2113,3.6.13,2
2114,4.6.13,2
2115,5.6.13,2
2116,6.6.13,2
2117,7.6.13,2
2118,10.6.13,2
2119,11.6.13,2
2120,12.6.13,2
2121,13.6.13,2
2122,14.6.13,2
2123,17.6.13,2
2124,18.6.13,2
2125,19.6.13,2
2126,20.6.13,0
2127,21.6.13,0
2128,24.6.13,0
2129,25.6.13,0
2130,26.6.13,1
2131,27.6.13,1
2132,28.6.13,1
2133,1.7.13,1
2134,2.7.13,1
2135,3.7.13,1
2136,5.7.13,1
2137,8.7.13,1
2138,9.7.13,1
2139,10.7.13,1
2140,11.7.13,0
2141,12.7.13,0
2142,15.7.13,0
2143,16.7.13,0
2144,17.7.13,0
2145,18.7.13,0
2146,19.7.13,0
2147,22.7.13,0
2148,23.7.13,0
2149,24.7.13,0
2150,25.7.13,0
2151,26.7.13,0
2152,29.7.13,0
2153,30.7.13,0
2154,31.7.13,1
2155,1.8.13,1
2156,2.8.13,1
2157,5.8.13,1
2158,6.8.13,1
2159,7.8.13,1
2160,8.8.13,1
2161,9.8.13,1
2162,12.8.13,1
2163,13.8.13,1
2164,14.8.13,0
2165,15.8.13,0
2166,16.8.13,0
2167,19.8.13,0
2168,20.8.13,0
2169,21.8.13,0
2170,22.8.13,2
2171,23.8.13,2
2172,26.8.13,2
2173,27.8.13,2
2174,28.8.13,0
2175,29.8.13,2
2176,30.8.13,2
2177,3.9.13,2
2178,4.9.13,0
2179,5.9.13,0
2180,6.9.13,0
2181,9.9.13,2
2182,10.9.13,2
2183,11.9.13,0
2184,12.9.13,0
2185,13.9.13,0
2186,16.9.13,0
2187,17.9.13,0
2188,18.9.13,0
2189,19.9.13,2
2190,20.9.13,2
2191,23.9.13,0
2192,24.9.13,0
2193,25.9.13,2
2194,26.9.13,0
2195,27.9.13,0
2196,30.9.13,0
2197,1.10.13,1
2198,2.10.13,0
2199,3.10.13,0
2200,4.10.13,0
2201,7.10.13,0
2202,8.10.13,0
2203,9.10.13,0
2204,10.10.13,0
2205,11.10.13,0
2206,14.10.13,0
2207,15.10.13,0
2208,16.10.13,0
2209,17.10.13,0
2210,18.10.13,0
2211,21.10.13,0
2212,22.10.13,2
2213,23.10.13,2
2214,24.10.13,2
2215,25.10.13,2
2216,28.10.13,2
2217,29.10.13,2
2218,30.10.13,2
2219,31.10.13,2
2220,1.11.13,2
2221,4.11.13,2
2222,5.11.13,2
2223,6.11.13,2
2224,7.11.13,2
2225,8.11.13,2
2226,11.11.13,2
2227,12.11.13,0
2228,13.11.13,0
2229,14.11.13,2
2230,15.11.13,2
2231,18.11.13,0
2232,19.11.13,0
2233,20.11.13,0
2234,21.11.13,0
2235,22.11.13,0
2236,25.11.13,0
2237,26.11.13,0
2238,27.11.13,0
2239,29.11.13,0
2240,2.12.13,0
2241,3.12.13,0
2242,4.12.13,0
2243,5.12.13,0
2244,6.12.13,0
2245,9.12.13,0
2246,10.12.13,0
2247,11.12.13,0
2248,12.12.13,0
2249,13.12.13,0
2250,16.12.13,0
2251,17.12.13,0
2252,18.12.13,0
2253,19.12.13,1
2254,20.12.13,0
2255,23.12.13,0
2256,24.12.13,0
2257,26.12.13,0
2258,27.12.13,0
2259,30.12.13,0
2260,31.12.13,1
2261,2.1.14,0
2262,3.1.14,0
2263,6.1.14,0
2264,7.1.14,0
2265,8.1.14,0
2266,9.1.14,0
2267,10.1.14,0
2268,13.1.14,0
2269,14.1.14,0
2270,15.1.14,0
2271,16.1.14,0
2272,17.1.14,0
2273,21.1.14,0
2274,22.1.14,1
2275,23.1.14,0
2276,24.1.14,1
2277,27.1.14,1
2278,28.1.14,1
2279,29.1.14,1
2280,30.1.14,1
2281,31.1.14,1
2282,3.2.14,1
2283,4.2.14,1
2284,5.2.14,1
2285,6.2.14,1
2286,7.2.14,1
2287,10.2.14,1
2288,11.2.14,0
2289,12.2.14,1
2290,13.2.14,0
2291,14.2.14,0
2292,18.2.14,0
2293,19.2.14,0
2294,20.2.14,1
2295,21.2.14,1
2296,24.2.14,0
2297,25.2.14,0
2298,26.2.14,0
2299,27.2.14,0
2300,28.2.14,0
2301,3.3.14,0
2302,4.3.14,0
2303,5.3.14,0
2304,6.3.14,2
2305,7.3.14,0
2306,10.3.14,2
2307,11.3.14,2
2308,12.3.14,2
2309,13.3.14,2
2310,14.3.14,2
2311,17.3.14,2
2312,18.3.14,0
2313,19.3.14,0
2314,20.3.14,0
2315,21.3.14,0
2316,24.3.14,0
2317,25.3.14,0
2318,26.3.14,0
2319,27.3.14,0
2320,28.3.14,0
2321,31.3.14,0
2322,1.4.14,0
2323,2.4.14,0
2324,3.4.14,0
2325,4.4.14,0
2326,7.4.14,0
2327,8.4.14,0
2328,9.4.14,0
2329,10.4.14,0
2330,11.4.14,0
2331,14.4.14,0
2332,15.4.14,0
2333,16.4.14,0
2334,17.4.14,0
2335,21.4.14,0
2336,22.4.14,0
2337,23.4.14,0
2338,24.4.14,0
2339,25.4.14,0
2340,28.4.14,0
2341,29.4.14,0
2342,30.4.14,0
2343,1.5.14,0
2344,2.5.14,0
2345,5.5.14,0
2346,6.5.14,0
2347,7.5.14,0
2348,8.5.14,0
2349,9.5.14,0
2350,12.5.14,0
2351,13.5.14,0
2352,14.5.14,2
2353,15.5.14,0
2354,16.5.14,0
2355,19.5.14,0
2356,20.5.14,0
2357,21.5.14,0
2358,22.5.14,0
2359,23.5.14,0
2360,27.5.14,0
2361,28.5.14,0
2362,29.5.14,1
2363,30.5.14,1
2364,2.6.14,1
2365,3.6.14,1
2366,4.6.14,1
2367,5.6.14,1
2368,6.6.14,1
2369,9.6.14,1
2370,10.6.14,1
2371,11.6.14,1
2372,12.6.14,0
2373,13.6.14,0
2374,16.6.14,0
2375,17.6.14,1
2376,18.6.14,1
2377,19.6.14,0
2378,20.6.14,0
2379,23.6.14,0
2380,24.6.14,0
2381,25.6.14,0
2382,26.6.14,0
2383,27.6.14,0
2384,30.6.14,0
2385,1.7.14,0
2386,2.7.14,0
2387,3.7.14,0
2388,7.7.14,0
2389,8.7.14,0
2390,9.7.14,0
2391,10.7.14,2
2392,11.7.14,0
2393,14.7.14,0
2394,15.7.14,0
2395,16.7.14,0
2396,17.7.14,0
2397,18.7.14,0
2398,21.7.14,0
2399,22.7.14,0
2400,23.7.14,0
2401,24.7.14,0
2402,25.7.14,0
2403,28.7.14,0
2404,29.7.14,0
2405,30.7.14,0
2406,31.7.14,0
2407,1.8.14,0
2408,4.8.14,0
2409,5.8.14,0
2410,6.8.14,0
2411,7.8.14,0
2412,8.8.14,0
2413,11.8.14,0
2414,12.8.14,0
2415,13.8.14,0
2416,14.8.14,0
2417,15.8.14,0
2418,18.8.14,0
2419,19.8.14,0
2420,20.8.14,2
2421,21.8.14,0
2422,22.8.14,0
2423,25.8.14,0
2424,26.8.14,0
2425,27.8.14,2
2426,28.8.14,2
2427,29.8.14,2
2428,2.9.14,0
2429,3.9.14,0
2430,4.9.14,0
2431,5.9.14,2
2432,8.9.14,0
2433,9.9.14,0
2434,10.9.14,0
2435,11.9.14,0
2436,12.9.14,0
2437,15.9.14,0
2438,16.9.14,0
2439,17.9.14,0
2440,18.9.14,0
2441,19.9.14,0
2442,22.9.14,0
2443,23.9.14,0
2444,24.9.14,0
2445,25.9.14,0
2446,26.9.14,0
2447,29.9.14,0
2448,30.9.14,0
2449,1.10.14,0
2450,2.10.14,0
2451,3.10.14,0
2452,6.10.14,0
2453,7.10.14,0
2454,8.10.14,0
2455,9.10.14,0
2456,10.10.14,2
2457,13.10.14,2
2458,14.10.14,2
2459,15.10.14,2
2460,16.10.14,2
2461,17.10.14,2
2462,20.10.14,2
2463,21.10.14,2
2464,22.10.14,2
2465,23.10.14,2
2466,24.10.14,0
2467,27.10.14,0
2468,28.10.14,0
2469,29.10.14,0
2470,30.10.14,0
2471,31.10.14,0
2472,3.11.14,0
2473,4.11.14,0
2474,5.11.14,1
2475,6.11.14,0
2476,7.11.14,1
2477,10.11.14,0
2478,11.11.14,0
2479,12.11.14,1
2480,13.11.14,0
2481,14.11.14,0
2482,17.11.14,1
2483,18.11.14,0
2484,19.11.14,0
2485,20.11.14,0
2486,21.11.14,0
2487,24.11.14,0
2488,25.11.14,0
2489,26.11.14,0
2490,28.11.14,0
2491,1.12.14,0
2492,2.12.14,0
2493,3.12.14,0
2494,4.12.14,0
2495,5.12.14,0
2496,8.12.14,0
2497,9.12.14,0
2498,10.12.14,0
2499,11.12.14,0
2500,12.12.14,0
2501,15.12.14,0
2502,16.12.14,0
2503,17.12.14,0
2504,18.12.14,0
2505,19.12.14,0
2506,22.12.14,1
2507,23.12.14,1
2508,24.12.14,1
2509,26.12.14,1
2510,29.12.14,1
2511,30.12.14,1
2512,31.12.14,1
2513,2.1.15,1
2514,5.1.15,1
2515,6.1.15,1
2516,7.1.15,0
2517,8.1.15,1
2518,9.1.15,1
2519,12.1.15,0
2520,13.1.15,0
2521,14.1.15,0
2522,15.1.15,0
2523,16.1.15,0
2524,20.1.15,2
2525,21.1.15,2
2526,22.1.15,2
2527,23.1.15,2
2528,26.1.15,2
2529,27.1.15,2
2530,28.1.15,2
2531,29.1.15,2
2532,30.1.15,2
2533,2.2.15,2
2534,3.2.15,2
2535,4.2.15,2
2536,5.2.15,0
2537,6.2.15,0
2538,9.2.15,0
2539,10.2.15,0
2540,11.2.15,0
2541,12.2.15,2
2542,13.2.15,2
2543,17.2.15,0
2544,18.2.15,2
2545,19.2.15,2
2546,20.2.15,2
2547,23.2.15,0
2548,24.2.15,2
2549,25.2.15,2
2550,26.2.15,0
2551,27.2.15,0
2552,2.3.15,0
2553,3.3.15,0
2554,4.3.15,0
2555,5.3.15,0
2556,6.3.15,0
2557,9.3.15,0
2558,10.3.15,0
2559,11.3.15,1
2560,12.3.15,1
2561,13.3.15,1
2562,16.3.15,1
2563,17.3.15,1
2564,18.3.15,0
2565,19.3.15,0
2566,20.3.15,0
2567,23.3.15,0
2568,24.3.15,0
2569,25.3.15,0
2570,26.3.15,0
2571,27.3.15,0
2572,30.3.15,0
2573,31.3.15,0
2574,1.4.15,0
2575,2.4.15,0
2576,6.4.15,0
2577,7.4.15,0
2578,8.4.15,0
2579,9.4.15,0
2580,10.4.15,0
2581,13.4.15,0
2582,14.4.15,0
2583,15.4.15,0
2584,16.4.15,0
2585,17.4.15,0
2586,20.4.15,0
2587,21.4.15,0
2588,22.4.15,0
2589,23.4.15,0
2590,24.4.15,1
2591,27.4.15,0
2592,28.4.15,0
2593,29.4.15,0
2594,30.4.15,0
2595,1.5.15,0
2596,4.5.15,0
2597,5.5.15,0
2598,6.5.15,0
2599,7.5.15,0
2600,8.5.15,0
2601,11.5.15,0
2602,12.5.15,0
2603,13.5.15,0
2604,14.5.15,2
2605,15.5.15,2
2606,18.5.15,2
2607,19.5.15,0
2608,20.5.15,0
2609,21.5.15,0
2610,22.5.15,0
2611,26.5.15,0
2612,27.5.15,0
2613,28.5.15,0
2614,29.5.15,0
2615,1.6.15,0
2616,2.6.15,0
2617,3.6.15,0
2618,4.6.15,0
2619,5.6.15,0
2620,8.6.15,0
2621,9.6.15,0
2622,10.6.15,0
2623,11.6.15,0
2624,12.6.15,0
2625,15.6.15,0
2626,16.6.15,0
2627,17.6.15,0
2628,18.6.15,0
2629,19.6.15,0
2630,22.6.15,0
2631,23.6.15,0
2632,24.6.15,0
2633,25.6.15,0
2634,26.6.15,2
2635,29.6.15,2
2636,30.6.15,2
2637,1.7.15,2
2638,2.7.15,2
2639,6.7.15,2
2640,7.7.15,2
2641,8.7.15,2
2642,9.7.15,2
2643,10.7.15,2
2644,13.7.15,2
2645,14.7.15,2
2646,15.7.15,2
2647,16.7.15,2
2648,17.7.15,0
2649,20.7.15,0
2650,21.7.15,0
2651,22.7.15,0
2652,23.7.15,0
2653,24.7.15,0
2654,27.7.15,0
2655,28.7.15,0
2656,29.7.15,0
2657,30.7.15,1
2658,31.7.15,1
2659,3.8.15,1
2660,4.8.15,1
2661,5.8.15,0
2662,6.8.15,0
2663,7.8.15,0
2664,10.8.15,0
2665,11.8.15,0
2666,12.8.15,0
2667,13.8.15,0
2668,14.8.15,0
2669,17.8.15,0
2670,18.8.15,0
2671,19.8.15,0
2672,20.8.15,2
2673,21.8.15,2
2674,24.8.15,2
2675,25.8.15,0
2676,26.8.15,0
2677,27.8.15,0
2678,28.8.15,0
2679,31.8.15,0
2680,1.9.15,0
2681,2.9.15,0
2682,3.9.15,0
2683,4.9.15,0
2684,8.9.15,0
2685,9.9.15,0
2686,10.9.15,0
2687,11.9.15,0
2688,14.9.15,0
2689,15.9.15,0
2690,16.9.15,0
2691,17.9.15,0
2692,18.9.15,0
2693,21.9.15,0
2694,22.9.15,0
2695,23.9.15,1
2696,24.9.15,0
2697,25.9.15,0
2698,28.9.15,0
2699,29.9.15,1
2700,30.9.15,1
2701,1.10.15,1
2702,2.10.15,0
2703,5.10.15,0
2704,6.10.15,0
2705,7.10.15,0
2706,8.10.15,0
2707,9.10.15,0
2708,12.10.15,0
2709,13.10.15,2
2710,14.10.15,2
2711,15.10.15,2
2712,16.10.15,2
2713,19.10.15,2
2714,20.10.15,2
2715,21.10.15,2
2716,22.10.15,2
2717,23.10.15,2
2718,26.10.15,2
2719,27.10.15,2
2720,28.10.15,2
2721,29.10.15,2
2722,30.10.15,2
2723,2.11.15,2
2724,3.11.15,0
2725,4.11.15,0
2726,5.11.15,2
2727,6.11.15,0
2728,9.11.15,0
2729,10.11.15,0
2730,11.11.15,0
2731,12.11.15,0
2732,13.11.15,0
2733,16.11.15,0
2734,17.11.15,0
2735,18.11.15,0
2736,19.11.15,0
2737,20.11.15,0
2738,23.11.15,0
2739,24.11.15,0
2740,25.11.15,0
2741,27.11.15,0
2742,30.11.15,0
2743,1.12.15,0
2744,2.12.15,0
2745,3.12.15,0
2746,4.12.15,0
2747,7.12.15,0
2748,8.12.15,0
2749,9.12.15,0
2750,10.12.15,0
2751,11.12.15,0
2752,14.12.15,0
2753,15.12.15,1
2754,16.12.15,0
2755,17.12.15,1
2756,18.12.15,0
2757,21.12.15,0
2758,22.12.15,0
2759,23.12.15,0
2760,24.12.15,0
2761,28.12.15,0
2762,29.12.15,0
2763,30.12.15,0
2764,31.12.15,1
2765,4.1.16,1
2766,5.1.16,0
2767,6.1.16,0
2768,7.1.16,0
2769,8.1.16,0
2770,11.1.16,0
2771,12.1.16,1
2772,13.1.16,1
2773,14.1.16,1
2774,15.1.16,1
2775,19.1.16,1
2776,20.1.16,1
2777,21.1.16,1
2778,22.1.16,1
2779,25.1.16,1
2780,26.1.16,1
2781,27.1.16,1
2782,28.1.16,1
2783,29.1.16,1
2784,1.2.16,1
2785,2.2.16,1
2786,3.2.16,1
2787,4.2.16,1
2788,5.2.16,1
2789,8.2.16,0
2790,9.2.16,0
2791,10.2.16,1
2792,11.2.16,0
2793,12.2.16,0
2794,16.2.16,1
2795,17.2.16,0
2796,18.2.16,0
2797,19.2.16,0
2798,22.2.16,0
2799,23.2.16,0
2800,24.2.16,0
2801,25.2.16,0
2802,26.2.16,0
2803,29.2.16,0
2804,1.3.16,0
2805,2.3.16,0
2806,3.3.16,0
2807,4.3.16,0
2808,7.3.16,0
2809,8.3.16,0
2810,9.3.16,0
2811,10.3.16,0
2812,11.3.16,0
2813,14.3.16,0
2814,15.3.16,0
2815,16.3.16,0
2816,17.3.16,0
2817,18.3.16,0
2818,21.3.16,0
2819,22.3.16,0
2820,23.3.16,0
2821,24.3.16,0
2822,28.3.16,0
2823,29.3.16,0
2824,30.3.16,0
2825,31.3.16,0
2826,1.4.16,0
2827,4.4.16,0
2828,5.4.16,0
2829,6.4.16,0
2830,7.4.16,0
2831,8.4.16,0
2832,11.4.16,0
2833,12.4.16,0
2834,13.4.16,0
2835,14.4.16,0
2836,15.4.16,1
2837,18.4.16,0
2838,19.4.16,0
2839,20.4.16,0
2840,21.4.16,0
2841,22.4.16,0
2842,25.4.16,0
2843,26.4.16,0
2844,27.4.16,0
2845,28.4.16,0
2846,29.4.16,0
2847,2.5.16,0
2848,3.5.16,2
2849,4.5.16,0
2850,5.5.16,2
2851,6.5.16,2
2852,9.5.16,2
2853,10.5.16,2
2854,11.5.16,2
2855,12.5.16,0
2856,13.5.16,0
2857,16.5.16,0
2858,17.5.16,0
